instance_id,music_genre
48564,Hip-Hop
72394,Anime
88081,Hip-Hop
78331,Country
72636,Anime
74228,Jazz
39106,Hip-Hop
78829,Country
91469,Country
54558,Blues
44055,Jazz
29671,Classical
56323,Country
54809,Rock
55369,Hip-Hop
68566,Rap
53565,Anime
69565,Rock
39014,Hip-Hop
28452,Electronic
40219,Alternative
41832,Rap
50963,Anime
58058,Country
41339,Country
25263,Electronic
30932,Rap
65113,Blues
43628,Blues
82352,Hip-Hop
25868,Electronic
57582,Rock
64912,Rap
30690,Blues
58160,Rap
48352,Electronic
32598,Alternative
81733,Electronic
68478,Country
61070,Jazz
87062,Jazz
50604,Rock
51443,Alternative
79739,Country
52375,Hip-Hop
43645,Country
51950,Anime
62180,Electronic
91491,Rap
57217,Anime
30912,Country
37289,Rap
58378,Hip-Hop
83848,Country
88071,Electronic
78696,Blues
73721,Country
21431,Classical
33066,Country
71571,Blues
54360,Country
61237,Anime
43763,Anime
53222,Rap
24144,Hip-Hop
35526,Blues
79272,Country
28682,Rap
78220,Classical
42113,Alternative
29197,Electronic
73749,Jazz
76959,Anime
32662,Blues
28240,Blues
78684,Rap
23339,Country
66580,Jazz
62293,Blues
73224,Blues
63436,Classical
85265,Electronic
49131,Rock
42894,Blues
32778,Rock
88626,Anime
20474,Anime
57621,Alternative
68702,Anime
68429,Rap
48412,Country
31462,Rap
20258,Jazz
80048,Anime
36643,Country
51269,Alternative
36620,Anime
47393,Anime
34229,Blues
27054,Blues
74946,Blues
79753,Classical
78997,Blues
90739,Hip-Hop
34604,Jazz
48875,Blues
72374,Rock
84383,Jazz
82285,Anime
49168,Country
35219,Rap
72531,Blues
37626,Blues
74540,Alternative
22782,Blues
59663,Rap
65605,Rock
63227,Electronic
27942,Rock
61120,Hip-Hop
59041,Rap
67531,Blues
89417,Blues
51652,Country
23769,Hip-Hop
88512,Rap
69103,Anime
25734,Anime
35192,Blues
77761,Rap
58002,Rap
27331,Rap
90879,Hip-Hop
66951,Alternative
21111,Alternative
36583,Blues
69430,Classical
26846,Rap
54227,Classical
79612,Rock
36250,Country
71243,Jazz
41033,Classical
58600,Hip-Hop
64358,Rap
55882,Blues
67981,Rap
78157,Country
39280,Rap
65167,Anime
50033,Alternative
34067,Country
71541,Blues
58044,Classical
67611,Rap
88524,Rock
50007,Rock
36733,Jazz
55966,Alternative
29854,Country
47533,Blues
84957,Anime
27733,Blues
88890,Country
71105,Rap
87402,Rap
81300,Classical
25948,Electronic
30686,Electronic
27597,Classical
46658,Electronic
33241,Jazz
34855,Rap
39290,Blues
61297,Rap
79393,Alternative
85447,Rock
24779,Classical
21888,Blues
22450,Country
21637,Electronic
76444,Anime
34627,Anime
30361,Jazz
22862,Rap
55635,Anime
39392,Alternative
21530,Blues
53803,Alternative
79904,Jazz
79589,Electronic
38281,Electronic
26187,Anime
65289,Country
38631,Blues
34026,Anime
81881,Country
25877,Classical
79755,Country
67894,Country
50248,Electronic
32074,Blues
41890,Alternative
36233,Country
63019,Electronic
31135,Electronic
91653,Classical
67493,Hip-Hop
45720,Rock
78113,Jazz
66990,Hip-Hop
33226,Hip-Hop
43840,Anime
66599,Electronic
37709,Classical
89646,Country
41952,Blues
90953,Classical
26762,Electronic
62414,Alternative
54492,Rock
22070,Rock
34735,Classical
37276,Anime
91709,Country
79337,Anime
32555,Blues
28310,Rap
60154,Rap
89947,Alternative
67061,Electronic
82280,Country
67551,Rap
49912,Blues
44285,Country
62759,Alternative
26763,Country
88251,Alternative
21144,Rap
39166,Blues
58756,Jazz
74087,Rap
58075,Blues
49533,Country
79989,Electronic
58425,Electronic
62607,Classical
85075,Jazz
56756,Alternative
28898,Hip-Hop
42118,Blues
55409,Hip-Hop
31714,Anime
41361,Hip-Hop
30503,Rock
45222,Blues
68913,Country
74995,Hip-Hop
47775,Jazz
37384,Anime
49180,Jazz
28678,Classical
42464,Rap
79508,Alternative
62403,Anime
40756,Hip-Hop
85665,Country
79277,Blues
23449,Rap
82350,Rock
61130,Country
55562,Hip-Hop
78807,Country
67592,Blues
58204,Country
42874,Rap
76341,Hip-Hop
47432,Classical
22904,Jazz
42683,Electronic
72925,Rock
25202,Hip-Hop
23994,Hip-Hop
41096,Country
53503,Alternative
83671,Country
59711,Rap
61562,Alternative
67914,Blues
50650,Electronic
32141,Rap
50317,Jazz
51665,Anime
70042,Country
27911,Blues
40311,Rap
49904,Rap
47588,Anime
44657,Blues
23053,Rap
42143,Country
77852,Classical
58240,Jazz
67419,Blues
75524,Electronic
29774,Rap
60161,Anime
45935,Classical
50100,Hip-Hop
27735,Blues
22155,Jazz
28074,Classical
70652,Country
73891,Classical
67578,Classical
48379,Country
53364,Rap
46115,Blues
80693,Jazz
86176,Country
69079,Country
29436,Country
55813,Anime
78708,Anime
81049,Electronic
36822,Alternative
22274,Electronic
41472,Rock
69744,Rock
85910,Rap
79522,Rap
86953,Rap
65953,Electronic
70639,Anime
79193,Jazz
35294,Blues
77931,Country
63066,Rock
68106,Rock
85652,Jazz
68770,Blues
75085,Rap
80369,Blues
79286,Anime
63102,Alternative
86706,Rap
49496,Country
43631,Jazz
28056,Country
37736,Jazz
60812,Blues
23204,Jazz
54161,Rock
30121,Rock
66816,Rock
82621,Anime
28760,Hip-Hop
85574,Rap
27085,Electronic
58429,Country
39227,Classical
75952,Hip-Hop
83656,Rock
58626,Blues
76948,Hip-Hop
40834,Anime
66252,Rap
59319,Classical
62342,Classical
32156,Electronic
35817,Country
77770,Country
25530,Electronic
67138,Hip-Hop
74197,Electronic
28720,Classical
34223,Anime
59705,Country
26142,Country
46526,Rap
23005,Electronic
59474,Classical
45707,Alternative
27027,Classical
57553,Country
90987,Hip-Hop
41262,Anime
78385,Alternative
30750,Rap
65283,Jazz
45981,Classical
65943,Rap
22917,Hip-Hop
81906,Anime
47576,Classical
83134,Jazz
77843,Blues
30061,Blues
85448,Rock
58815,Jazz
39610,Classical
28228,Electronic
20724,Electronic
39201,Electronic
77056,Anime
52020,Alternative
22943,Hip-Hop
87928,Rap
91571,Jazz
35921,Hip-Hop
86157,Classical
61361,Classical
61824,Country
91068,Country
26519,Rock
54567,Country
84864,Rock
86854,Hip-Hop
28672,Classical
89590,Rap
40950,Classical
84346,Rock
88444,Alternative
84165,Blues
54821,Blues
49692,Rock
46715,Rap
52010,Rap
82981,Anime
25725,Hip-Hop
30019,Jazz
35896,Rock
79523,Electronic
86615,Rock
22846,Rap
69121,Hip-Hop
87501,Classical
60441,Electronic
59679,Anime
73116,Jazz
79128,Blues
77924,Country
50103,Electronic
32687,Classical
36166,Anime
23042,Classical
86267,Classical
86002,Alternative
54217,Classical
32061,Hip-Hop
90641,Classical
25215,Blues
76746,Rock
55403,Rap
53545,Classical
28508,Rock
34635,Classical
83181,Electronic
40431,Rap
53432,Rap
72380,Blues
91547,Anime
21329,Rap
48834,Electronic
60260,Jazz
62596,Rap
88414,Jazz
27670,Rock
20184,Rap
74754,Alternative
51779,Jazz
44229,Blues
38429,Electronic
52175,Electronic
74508,Country
38226,Blues
88033,Hip-Hop
46508,Jazz
28366,Country
43879,Jazz
76786,Country
79751,Anime
68264,Jazz
35263,Electronic
27380,Jazz
43617,Alternative
66753,Hip-Hop
81392,Electronic
87466,Jazz
43503,Anime
64420,Alternative
79663,Blues
69705,Jazz
23454,Anime
89415,Blues
85299,Jazz
52464,Electronic
87262,Electronic
82220,Blues
53978,Rap
26077,Anime
34361,Classical
79197,Rap
44679,Jazz
87060,Rock
69407,Electronic
24344,Rap
32903,Anime
81260,Rap
87783,Blues
59070,Blues
84713,Country
39540,Rock
87881,Electronic
62139,Country
34809,Jazz
25628,Blues
45163,Alternative
30628,Anime
88973,Hip-Hop
79958,Jazz
39602,Electronic
67145,Electronic
31157,Rap
89361,Rock
38655,Hip-Hop
30081,Country
85900,Rap
73908,Blues
40349,Blues
54879,Country
67338,Alternative
37894,Alternative
83715,Blues
27123,Electronic
91289,Classical
53547,Anime
78358,Blues
73070,Anime
85231,Electronic
57054,Rap
26421,Rap
84532,Hip-Hop
65393,Rock
27409,Electronic
54312,Anime
74195,Blues
48112,Blues
48227,Alternative
67568,Electronic
38819,Rap
29974,Blues
75851,Alternative
38200,Blues
34119,Alternative
47538,Classical
50199,Hip-Hop
27378,Country
54292,Electronic
25808,Rap
64587,Jazz
75010,Electronic
87791,Hip-Hop
85250,Rap
62104,Jazz
57713,Alternative
79767,Country
57625,Blues
21071,Electronic
54208,Electronic
22607,Classical
28279,Hip-Hop
33901,Jazz
35304,Electronic
73033,Blues
43728,Country
38952,Anime
35753,Rap
87301,Blues
68674,Electronic
89545,Jazz
84037,Blues
40629,Electronic
66762,Hip-Hop
38489,Rock
50798,Anime
59440,Blues
65178,Blues
89685,Blues
75272,Electronic
86956,Hip-Hop
54030,Country
82915,Rap
52094,Alternative
51792,Rap
28284,Hip-Hop
20113,Country
87653,Rock
35743,Electronic
26678,Anime
73596,Blues
51560,Alternative
56709,Hip-Hop
24928,Jazz
53403,Blues
22619,Alternative
53744,Classical
54616,Country
61554,Alternative
69985,Rock
77452,Rock
23419,Anime
33908,Anime
28964,Country
76506,Electronic
33456,Rock
24191,Hip-Hop
71957,Hip-Hop
60030,Country
67030,Rock
48507,Jazz
70915,Rap
46551,Rock
89424,Jazz
44108,Rap
75115,Rap
22398,Country
80442,Alternative
28649,Rap
44755,Rap
40871,Classical
81727,Jazz
90895,Anime
80298,Rock
36834,Country
64081,Rap
42371,Alternative
30453,Rap
36618,Hip-Hop
61161,Anime
69958,Rap
77541,Blues
39478,Rap
53182,Country
91376,Rap
74527,Classical
37367,Hip-Hop
85484,Alternative
78633,Blues
48596,Electronic
74826,Rap
80998,Jazz
53417,Rap
57049,Rap
33615,Electronic
80751,Blues
61234,Anime
62521,Blues
23508,Alternative
87143,Hip-Hop
77220,Electronic
78207,Hip-Hop
39623,Rock
39015,Electronic
67572,Blues
82669,Country
46911,Hip-Hop
76013,Classical
80753,Hip-Hop
48074,Country
64825,Anime
63874,Country
57271,Alternative
51202,Anime
67118,Rap
83814,Blues
39573,Alternative
84886,Electronic
86847,Electronic
82518,Anime
42067,Alternative
48139,Country
56337,Alternative
88537,Jazz
59730,Alternative
32174,Electronic
73134,Alternative
44579,Hip-Hop
31042,Jazz
73932,Rap
88390,Alternative
83099,Country
84090,Anime
78602,Jazz
49931,Electronic
35740,Country
54430,Alternative
36997,Jazz
46176,Alternative
59673,Rock
79201,Rock
83689,Rap
84282,Rap
77132,Country
66739,Anime
88734,Electronic
83245,Blues
25710,Anime
39970,Classical
76018,Country
44135,Alternative
70179,Rap
83697,Electronic
36561,Blues
84578,Blues
70828,Country
83492,Rap
27262,Rock
51203,Electronic
58158,Electronic
61086,Electronic
67100,Anime
25075,Country
88257,Country
51359,Alternative
39806,Hip-Hop
83290,Classical
71123,Classical
75263,Hip-Hop
21285,Alternative
39144,Electronic
81556,Classical
75841,Blues
72512,Country
70076,Country
20475,Blues
60876,Anime
66334,Jazz
46536,Hip-Hop
21821,Hip-Hop
66861,Country
59942,Country
61748,Electronic
30388,Hip-Hop
38184,Country
47767,Alternative
33039,Country
85876,Anime
49775,Anime
33221,Alternative
20810,Country
36524,Country
79824,Blues
28907,Hip-Hop
36410,Electronic
85580,Jazz
62021,Blues
35234,Blues
41738,Rock
30543,Blues
32989,Blues
28163,Rock
33828,Jazz
67600,Rap
61671,Blues
44146,Alternative
63726,Rap
84088,Anime
28335,Blues
88531,Country
22198,Alternative
38212,Anime
66928,Blues
85196,Country
27991,Electronic
90666,Classical
31945,Anime
86909,Blues
69376,Alternative
63721,Jazz
47711,Hip-Hop
26007,Blues
50041,Hip-Hop
23664,Anime
84668,Classical
59235,Anime
82927,Anime
56602,Anime
51534,Country
29908,Country
62571,Classical
38427,Hip-Hop
49885,Hip-Hop
68035,Country
47258,Electronic
32688,Electronic
69783,Anime
58518,Country
25785,Anime
40674,Anime
74474,Blues
60437,Blues
23622,Electronic
45052,Blues
70889,Blues
75764,Anime
46132,Alternative
44894,Hip-Hop
67077,Hip-Hop
26779,Alternative
90219,Classical
91167,Rock
54884,Jazz
64678,Country
72419,Classical
83764,Classical
28186,Classical
44624,Country
60777,Rap
43148,Country
52203,Hip-Hop
46274,Anime
80212,Blues
27001,Hip-Hop
34554,Classical
89072,Blues
44487,Rock
82282,Alternative
54254,Country
82299,Country
84743,Classical
54079,Alternative
60209,Electronic
33289,Rap
85846,Hip-Hop
37991,Classical
72003,Electronic
62836,Alternative
25381,Blues
61659,Electronic
71642,Country
80286,Classical
30541,Rap
31155,Anime
46418,Electronic
82955,Blues
70585,Anime
88180,Blues
62783,Alternative
50771,Electronic
21105,Country
84877,Hip-Hop
78148,Hip-Hop
67139,Electronic
56479,Classical
90177,Anime
63384,Country
23928,Hip-Hop
60749,Blues
68536,Country
79598,Blues
25252,Alternative
60822,Jazz
77505,Anime
22240,Hip-Hop
49113,Anime
41580,Jazz
61907,Alternative
32568,Blues
39605,Classical
64719,Blues
23473,Jazz
20307,Rap
56738,Rap
35991,Rock
73523,Rap
37642,Rap
81112,Blues
32712,Rap
54062,Anime
73419,Jazz
22248,Classical
55308,Electronic
45343,Blues
29305,Anime
73902,Anime
51267,Country
25157,Classical
36521,Rap
67241,Country
37570,Classical
22494,Blues
86486,Anime
39626,Hip-Hop
90012,Rap
82025,Hip-Hop
63481,Jazz
42187,Blues
47892,Hip-Hop
83995,Blues
68152,Alternative
47899,Country
54923,Blues
27286,Country
43508,Anime
43609,Rock
37814,Anime
82006,Blues
37701,Blues
53248,Electronic
88692,Rock
50223,Jazz
50528,Anime
39604,Anime
63225,Anime
89175,Anime
46776,Blues
44480,Blues
47890,Alternative
59958,Electronic
71497,Hip-Hop
81884,Jazz
25192,Classical
47627,Alternative
39869,Rock
27854,Anime
87753,Alternative
72961,Anime
44528,Hip-Hop
40270,Electronic
75334,Alternative
82276,Alternative
52182,Jazz
53685,Hip-Hop
88872,Alternative
57298,Country
70416,Hip-Hop
63095,Anime
37324,Rap
65017,Country
36441,Rap
75545,Hip-Hop
26520,Electronic
30517,Jazz
90819,Country
56008,Blues
46832,Rock
57028,Blues
27156,Anime
62455,Blues
55149,Classical
22170,Alternative
68329,Electronic
22554,Alternative
74505,Jazz
46114,Alternative
81510,Hip-Hop
43169,Jazz
69755,Electronic
24200,Country
33600,Classical
55719,Blues
64201,Blues
24202,Anime
33488,Rock
46652,Electronic
32250,Country
27917,Blues
73828,Jazz
34363,Blues
46939,Rock
78931,Anime
23749,Hip-Hop
53574,Blues
55328,Alternative
87246,Rock
31058,Electronic
80721,Rap
42908,Rap
25612,Hip-Hop
22781,Blues
34175,Country
26434,Electronic
90160,Rap
65631,Anime
85393,Jazz
52736,Country
87139,Jazz
40831,Alternative
28938,Blues
86484,Anime
71536,Blues
87650,Jazz
74169,Rock
87417,Electronic
58181,Blues
75896,Country
83022,Rap
34209,Rock
74159,Rap
33612,Blues
68424,Rap
75224,Rock
49084,Hip-Hop
45005,Alternative
26427,Classical
39702,Jazz
45739,Rock
38698,Anime
36109,Classical
84104,Hip-Hop
74096,Rap
33130,Rock
57815,Country
79081,Jazz
43010,Blues
74107,Rap
33331,Country
86104,Country
20012,Alternative
87531,Jazz
52242,Classical
45150,Country
34334,Electronic
51250,Rock
51276,Alternative
70498,Country
88987,Alternative
66713,Blues
69517,Electronic
84021,Jazz
49799,Rap
22006,Classical
87612,Rap
63177,Blues
26673,Country
31830,Electronic
61556,Blues
42500,Electronic
59584,Electronic
22334,Rock
47182,Hip-Hop
85252,Hip-Hop
32028,Classical
69980,Electronic
39937,Hip-Hop
74062,Jazz
70923,Alternative
73539,Rock
67129,Anime
60571,Rap
46242,Jazz
91648,Anime
28401,Anime
62330,Rock
60498,Alternative
85106,Anime
25234,Country
68305,Alternative
90043,Country
86790,Rap
90184,Hip-Hop
80511,Alternative
79134,Alternative
41645,Anime
58428,Hip-Hop
63966,Jazz
86312,Blues
91144,Rap
60788,Anime
88837,Country
28081,Blues
77370,Electronic
68731,Anime
25926,Anime
42355,Electronic
56055,Alternative
73476,Classical
20833,Country
89357,Alternative
89341,Country
70183,Hip-Hop
36052,Country
61683,Blues
78218,Blues
77796,Rap
83620,Alternative
34352,Hip-Hop
23649,Rock
28960,Alternative
50688,Rock
39564,Country
78713,Electronic
52610,Country
75891,Jazz
85932,Country
23968,Country
59522,Electronic
70467,Jazz
85663,Anime
88921,Classical
36991,Alternative
78594,Blues
31794,Country
48500,Rap
61995,Rock
83252,Rap
88471,Alternative
53035,Rap
24075,Rock
59115,Hip-Hop
39593,Anime
69884,Rap
57179,Rap
24444,Anime
44582,Blues
31641,Anime
20089,Alternative
73942,Jazz
48014,Anime
78231,Hip-Hop
27833,Jazz
52213,Jazz
77273,Rock
27315,Electronic
87220,Rap
45858,Jazz
36062,Blues
90700,Blues
42993,Jazz
70517,Blues
51375,Hip-Hop
49585,Blues
25399,Rap
86456,Country
60340,Jazz
23077,Alternative
91043,Alternative
26761,Classical
35454,Blues
45214,Jazz
44686,Rock
21559,Blues
88556,Classical
31223,Rap
82000,Rock
45271,Hip-Hop
37980,Anime
42445,Blues
39078,Electronic
77133,Electronic
55873,Hip-Hop
37061,Country
69588,Jazz
51445,Alternative
84941,Jazz
76352,Hip-Hop
65009,Hip-Hop
84111,Rap
32725,Country
27138,Country
59133,Alternative
60238,Rap
27294,Country
36686,Classical
27011,Electronic
77838,Rock
82126,Blues
82655,Blues
50749,Alternative
70428,Rap
34710,Jazz
76120,Blues
68679,Jazz
51605,Electronic
46410,Blues
43547,Anime
80709,Country
69711,Anime
43177,Rap
55488,Jazz
71185,Alternative
44391,Country
48201,Country
55364,Rap
83340,Classical
32746,Anime
27811,Blues
43746,Country
53594,Hip-Hop
57945,Hip-Hop
45598,Electronic
24678,Electronic
75863,Hip-Hop
90662,Electronic
20293,Classical
58664,Anime
91562,Electronic
35993,Hip-Hop
52846,Jazz
67585,Classical
53600,Electronic
84770,Anime
65387,Jazz
54970,Alternative
75651,Electronic
52541,Jazz
70020,Rock
71932,Rap
68393,Country
42738,Rap
63970,Rap
84582,Electronic
53269,Electronic
40371,Country
26213,Classical
51394,Blues
39889,Blues
58811,Blues
56696,Hip-Hop
67817,Alternative
44562,Jazz
61463,Rock
62339,Country
66487,Hip-Hop
64087,Rock
22515,Anime
61909,Rap
90415,Jazz
60814,Rap
22877,Alternative
26870,Rap
48662,Rap
60357,Classical
63050,Rap
61232,Electronic
51782,Electronic
63890,Rap
36296,Blues
67990,Jazz
68906,Hip-Hop
69455,Blues
67875,Electronic
71487,Country
33186,Electronic
54323,Alternative
42456,Hip-Hop
69741,Alternative
41914,Blues
35208,Rock
69878,Hip-Hop
65984,Hip-Hop
80482,Classical
21353,Anime
83945,Hip-Hop
36879,Rock
63741,Rap
74739,Alternative
30089,Anime
21957,Rock
34489,Classical
79898,Blues
79232,Alternative
66939,Electronic
66425,Blues
90367,Hip-Hop
72693,Classical
23392,Country
32818,Hip-Hop
62881,Alternative
58433,Country
51099,Country
31412,Jazz
68549,Hip-Hop
68580,Blues
56471,Hip-Hop
66734,Rap
49265,Electronic
22571,Country
75548,Hip-Hop
53582,Country
67535,Electronic
43440,Alternative
63993,Classical
70005,Rap
32953,Rock
40379,Anime
28507,Hip-Hop
29736,Electronic
45621,Country
84202,Rock
69826,Electronic
90566,Anime
79392,Anime
77764,Blues
52823,Jazz
89185,Electronic
26602,Blues
34441,Jazz
59375,Blues
56834,Electronic
21941,Jazz
38478,Jazz
30684,Country
56890,Classical
28622,Anime
59231,Blues
68965,Blues
86519,Alternative
82322,Anime
37539,Classical
21337,Hip-Hop
64384,Classical
44600,Rock
78544,Jazz
90563,Rap
74481,Rap
54518,Blues
81496,Jazz
43788,Country
82140,Blues
50866,Country
87697,Jazz
81322,Jazz
71606,Blues
74187,Rap
46749,Country
61172,Country
67379,Jazz
43708,Rap
31697,Classical
48753,Jazz
86247,Rap
39321,Jazz
81303,Rock
31700,Blues
39283,Rock
86223,Rock
36986,Classical
69730,Alternative
31511,Anime
21320,Electronic
24362,Rap
81325,Alternative
54702,Blues
25164,Jazz
29295,Jazz
28821,Blues
23465,Alternative
28266,Country
63607,Alternative
43957,Country
45417,Country
24786,Country
29231,Jazz
28399,Hip-Hop
51688,Rock
63677,Country
60857,Alternative
46581,Anime
90000,Hip-Hop
90721,Classical
42199,Anime
47069,Hip-Hop
37286,Classical
48423,Alternative
69748,Classical
64209,Blues
78921,Country
53020,Rap
20954,Electronic
51820,Classical
64456,Blues
73654,Rock
37470,Hip-Hop
36747,Jazz
59316,Alternative
57868,Country
26108,Anime
90610,Country
37401,Alternative
42836,Anime
60187,Country
76962,Alternative
21987,Country
25590,Classical
54053,Anime
91202,Blues
21776,Anime
52271,Country
80021,Electronic
39210,Country
49684,Hip-Hop
72272,Rock
46932,Classical
63821,Rap
67295,Hip-Hop
38117,Country
65658,Jazz
77890,Alternative
46643,Anime
50459,Jazz
27444,Anime
30281,Jazz
68231,Country
41288,Alternative
41813,Rap
27726,Electronic
75946,Hip-Hop
37037,Hip-Hop
54477,Hip-Hop
50421,Jazz
59966,Rap
60539,Anime
39569,Hip-Hop
74179,Jazz
64859,Country
37359,Rap
83532,Country
67472,Rap
20971,Jazz
35602,Hip-Hop
35064,Electronic
67376,Anime
28369,Electronic
91357,Alternative
89310,Classical
42726,Rock
44658,Jazz
62922,Country
90371,Alternative
67102,Hip-Hop
69093,Hip-Hop
81680,Country
59531,Electronic
89899,Electronic
71280,Blues
62992,Hip-Hop
91365,Rock
72376,Classical
72735,Jazz
44626,Hip-Hop
65158,Anime
54058,Jazz
52768,Country
75154,Electronic
43079,Anime
54014,Hip-Hop
33317,Rock
90612,Alternative
39582,Rock
80146,Electronic
47524,Alternative
47873,Anime
89300,Hip-Hop
89750,Anime
52408,Jazz
46562,Rap
68530,Jazz
72018,Electronic
76114,Country
43717,Anime
77758,Jazz
87126,Jazz
45711,Anime
21913,Hip-Hop
60284,Alternative
58456,Rap
76953,Blues
88097,Blues
39038,Country
75244,Hip-Hop
84231,Electronic
28462,Anime
49911,Blues
75113,Rap
56495,Country
47770,Hip-Hop
85033,Country
76250,Jazz
70831,Jazz
65544,Blues
61329,Electronic
43484,Rap
39269,Jazz
33631,Rap
48703,Country
37802,Blues
38253,Blues
37849,Rap
65720,Country
48828,Country
62073,Jazz
34598,Rock
34309,Jazz
39308,Rap
70837,Jazz
34894,Anime
87581,Rap
80606,Jazz
37122,Electronic
24022,Alternative
89837,Electronic
54084,Alternative
45147,Rap
20360,Rock
53780,Blues
60150,Classical
37065,Classical
20465,Country
60222,Country
24232,Hip-Hop
69493,Anime
50507,Rock
21340,Blues
57482,Country
77737,Jazz
22582,Country
32651,Rock
36782,Jazz
44475,Electronic
39313,Country
75119,Rap
45293,Anime
63054,Country
26344,Country
35823,Anime
59101,Rap
26985,Hip-Hop
44996,Classical
74360,Classical
49080,Blues
62952,Rap
35107,Jazz
89338,Classical
76637,Electronic
59367,Electronic
22683,Rock
63772,Jazz
77616,Country
85197,Country
81252,Rap
46633,Country
91354,Blues
34952,Electronic
51615,Alternative
25525,Rap
47649,Blues
56748,Jazz
83690,Electronic
31060,Country
81822,Hip-Hop
65735,Jazz
52692,Hip-Hop
20884,Hip-Hop
90068,Rap
47129,Jazz
34669,Electronic
21548,Jazz
71953,Classical
44816,Alternative
23924,Classical
89358,Alternative
43198,Alternative
39563,Anime
49136,Alternative
35228,Country
51376,Hip-Hop
35377,Classical
30876,Rock
83732,Classical
43852,Blues
44195,Blues
73276,Classical
25204,Electronic
56229,Country
59023,Hip-Hop
38786,Country
76358,Anime
47725,Country
24256,Rock
50014,Electronic
46563,Blues
85858,Rock
74524,Alternative
74767,Classical
31011,Electronic
34767,Hip-Hop
42385,Alternative
52222,Rap
25067,Country
31184,Rock
46433,Classical
49888,Electronic
72951,Rap
39957,Electronic
34259,Electronic
76364,Blues
80861,Alternative
37808,Rap
77717,Classical
47064,Country
90586,Rap
73045,Country
63709,Alternative
57809,Electronic
64673,Country
23211,Electronic
46582,Country
29112,Hip-Hop
71956,Blues
33176,Country
27864,Anime
86681,Anime
43449,Country
34772,Jazz
51757,Rap
30910,Rap
66814,Country
21720,Hip-Hop
39542,Classical
83059,Jazz
80772,Jazz
21700,Anime
52270,Jazz
56997,Country
62782,Country
79629,Blues
78345,Electronic
49627,Blues
20383,Classical
44918,Rap
31519,Anime
50227,Jazz
65171,Country
57200,Jazz
23736,Electronic
58542,Electronic
57997,Jazz
72280,Blues
79493,Blues
55552,Jazz
83810,Hip-Hop
70337,Hip-Hop
40368,Electronic
71438,Alternative
42328,Anime
59613,Country
55561,Country
89733,Hip-Hop
71254,Electronic
65228,Rock
70675,Classical
72633,Electronic
54228,Blues
27418,Jazz
73139,Electronic
71475,Rap
68288,Jazz
40354,Classical
43671,Anime
87226,Classical
40617,Electronic
30969,Blues
58891,Blues
57246,Rap
84355,Electronic
78490,Rap
46866,Electronic
64700,Country
48630,Country
28028,Electronic
81849,Anime
55223,Alternative
23950,Alternative
91310,Hip-Hop
64499,Rap
68413,Electronic
28528,Alternative
31008,Alternative
85674,Rock
40630,Blues
25401,Blues
49666,Blues
49291,Blues
66277,Rap
89779,Jazz
20040,Anime
76744,Hip-Hop
80590,Blues
68027,Country
30573,Jazz
30014,Blues
46225,Country
57168,Jazz
28191,Anime
39845,Jazz
31747,Electronic
79879,Jazz
48775,Jazz
34267,Country
37650,Hip-Hop
75227,Hip-Hop
43188,Jazz
76010,Anime
25670,Anime
39137,Country
78156,Country
45953,Electronic
29543,Blues
74482,Anime
22392,Hip-Hop
25804,Rock
47464,Country
29089,Electronic
88310,Hip-Hop
61446,Anime
73368,Country
86252,Alternative
83700,Electronic
65036,Blues
71722,Hip-Hop
47861,Classical
64156,Blues
67741,Country
22149,Rap
82374,Rock
38127,Country
78873,Blues
74151,Blues
69342,Hip-Hop
85438,Electronic
84246,Anime
21037,Rock
88397,Country
21876,Hip-Hop
86766,Rock
63480,Jazz
58807,Jazz
70541,Classical
42673,Country
44685,Anime
88581,Rap
65088,Anime
20267,Electronic
62067,Electronic
68121,Classical
34387,Jazz
46272,Electronic
72149,Country
55904,Electronic
86710,Alternative
69485,Hip-Hop
56993,Classical
36283,Country
52357,Hip-Hop
37101,Rock
38706,Classical
39180,Hip-Hop
70250,Rock
77272,Electronic
84457,Electronic
84793,Anime
64494,Electronic
36468,Rap
33055,Rock
85625,Anime
75033,Country
30549,Alternative
23092,Country
33885,Country
22929,Electronic
65842,Anime
62094,Country
79213,Classical
87496,Anime
66881,Electronic
43655,Country
75219,Blues
86007,Rock
89204,Electronic
24317,Jazz
91162,Blues
77488,Electronic
49016,Classical
46628,Country
66629,Anime
22974,Hip-Hop
37543,Country
22097,Blues
24123,Country
23432,Blues
55218,Rap
43637,Jazz
73369,Electronic
72828,Alternative
39764,Jazz
86143,Rock
52911,Electronic
36349,Country
28590,Jazz
36546,Hip-Hop
38080,Rock
61479,Electronic
70667,Jazz
84826,Alternative
50808,Rock
51720,Country
24392,Country
68320,Country
72497,Anime
22150,Hip-Hop
21526,Jazz
70374,Hip-Hop
28370,Electronic
90085,Classical
47124,Rap
72471,Hip-Hop
30785,Jazz
23582,Blues
22719,Blues
86992,Electronic
35754,Jazz
77308,Country
35575,Anime
76768,Hip-Hop
20395,Rock
31082,Hip-Hop
90556,Blues
31444,Alternative
74543,Jazz
62264,Hip-Hop
41893,Electronic
51643,Rock
54509,Blues
39678,Hip-Hop
40266,Anime
82326,Anime
58307,Blues
43837,Classical
47659,Classical
50893,Blues
62337,Hip-Hop
43364,Country
36837,Electronic
77343,Alternative
90511,Hip-Hop
83958,Blues
86083,Rap
26747,Electronic
22853,Blues
65781,Rap
64393,Anime
89582,Anime
47294,Classical
90464,Rap
32779,Alternative
41788,Electronic
67522,Alternative
57562,Rock
24961,Electronic
45194,Rap
44317,Anime
30018,Rock
29423,Anime
61643,Rock
84829,Country
80355,Electronic
81489,Jazz
39973,Electronic
78194,Anime
23701,Jazz
28226,Electronic
89928,Rock
26335,Blues
91284,Hip-Hop
50221,Country
43923,Rock
38209,Jazz
70169,Hip-Hop
22285,Country
76724,Electronic
20453,Electronic
53082,Electronic
66558,Anime
68943,Alternative
82199,Hip-Hop
26018,Country
56562,Rap
74072,Blues
43073,Classical
76614,Blues
54093,Rap
67728,Blues
89412,Anime
44634,Jazz
64907,Blues
88673,Rap
57745,Electronic
89952,Anime
55750,Rock
43009,Country
71077,Jazz
27329,Country
60563,Jazz
73772,Anime
62166,Electronic
88208,Blues
48011,Rap
52100,Hip-Hop
74691,Classical
27404,Country
62652,Classical
81116,Country
70107,Hip-Hop
59649,Classical
73443,Anime
30259,Rap
25207,Country
62411,Jazz
88202,Country
69348,Hip-Hop
62065,Classical
75125,Blues
69209,Jazz
87068,Rock
49352,Jazz
49380,Country
77988,Country
44070,Jazz
58610,Electronic
50345,Jazz
49042,Blues
68063,Hip-Hop
57796,Classical
28948,Hip-Hop
33931,Rock
74457,Hip-Hop
26473,Rap
69015,Rap
36460,Rock
24513,Electronic
30015,Anime
21727,Alternative
85914,Hip-Hop
30641,Rap
69335,Rap
84974,Jazz
48529,Rap
85844,Rap
66013,Rock
59308,Rap
91524,Classical
37281,Country
57662,Anime
54159,Rap
23704,Country
26195,Country
71485,Rap
56476,Blues
34562,Blues
28650,Country
57613,Country
60633,Anime
34057,Rock
74808,Jazz
23124,Rap
34664,Alternative
84763,Hip-Hop
40235,Country
37246,Blues
80625,Rap
52760,Alternative
24743,Jazz
86739,Alternative
50128,Rap
40472,Electronic
45924,Alternative
83208,Rock
55706,Hip-Hop
36072,Jazz
79899,Alternative
22577,Electronic
72859,Blues
59165,Country
62177,Electronic
74803,Jazz
72387,Country
87886,Blues
23288,Blues
74536,Hip-Hop
39219,Rap
22139,Alternative
81903,Electronic
91317,Electronic
32570,Alternative
33096,Rap
28818,Country
46843,Jazz
91629,Alternative
49617,Hip-Hop
74346,Alternative
49892,Electronic
80285,Classical
83680,Blues
51304,Alternative
69621,Jazz
61023,Country
83261,Rap
20786,Anime
83785,Blues
50081,Blues
86043,Alternative
24243,Blues
34953,Jazz
28904,Anime
56573,Rock
52216,Rock
75670,Blues
67175,Electronic
56904,Anime
32981,Electronic
28147,Anime
31827,Jazz
44057,Anime
30401,Electronic
74393,Jazz
91203,Anime
51571,Hip-Hop
36849,Blues
29844,Rock
37652,Rock
51111,Electronic
46197,Electronic
36371,Jazz
80292,Electronic
30873,Rap
63437,Country
66412,Country
26766,Electronic
66857,Classical
29282,Anime
81589,Blues
30853,Anime
39426,Blues
61571,Rap
52956,Rap
66869,Hip-Hop
87838,Rap
45300,Alternative
45008,Classical
35950,Jazz
23308,Country
83462,Anime
61955,Blues
50539,Rap
46380,Rap
54209,Jazz
83319,Rap
62163,Country
42541,Rock
51489,Electronic
73303,Country
38354,Rock
74723,Electronic
55699,Anime
45864,Country
66012,Classical
65848,Alternative
36464,Jazz
50348,Country
82744,Electronic
53295,Rap
30256,Country
43938,Anime
42228,Country
51695,Blues
51237,Hip-Hop
80890,Hip-Hop
46705,Country
26666,Rock
56568,Electronic
50577,Jazz
76781,Jazz
44571,Electronic
45526,Jazz
90033,Anime
87413,Rap
27557,Anime
65209,Alternative
62315,Blues
78016,Rap
84340,Country
41323,Rap
54358,Hip-Hop
71288,Alternative
20117,Electronic
46169,Country
83214,Anime
59581,Electronic
38591,Rock
35987,Anime
41593,Anime
80309,Anime
55791,Electronic
24376,Electronic
76148,Rock
41762,Classical
53145,Hip-Hop
59523,Anime
70900,Rock
58592,Anime
38434,Blues
39635,Hip-Hop
67033,Electronic
20375,Rock
43615,Jazz
62341,Blues
57724,Rap
80635,Rap
46026,Country
41748,Country
90890,Alternative
66413,Blues
84928,Jazz
46145,Rap
21156,Country
20581,Jazz
84199,Electronic
29208,Country
79520,Alternative
62441,Electronic
42265,Hip-Hop
70806,Anime
77848,Blues
75648,Electronic
49026,Classical
35246,Country
51470,Hip-Hop
51681,Jazz
44017,Jazz
36688,Rap
76340,Rap
60399,Electronic
73616,Hip-Hop
30693,Jazz
90155,Country
26535,Blues
71278,Country
68131,Blues
20358,Rock
53425,Anime
81292,Alternative
64374,Country
48669,Country
53875,Anime
31975,Country
76423,Anime
70598,Rap
47003,Rap
73661,Jazz
78936,Jazz
89023,Jazz
73275,Blues
90867,Alternative
49520,Blues
47085,Hip-Hop
68814,Blues
70478,Anime
21796,Rock
70936,Classical
44197,Hip-Hop
65639,Electronic
41293,Anime
83422,Country
81407,Classical
77036,Electronic
43946,Anime
39797,Jazz
32828,Alternative
69698,Alternative
44642,Rap
67341,Rock
37722,Rap
29313,Alternative
78640,Classical
23925,Rap
56770,Rap
35847,Country
82661,Blues
24484,Jazz
60768,Hip-Hop
23945,Alternative
82092,Rap
72987,Hip-Hop
58452,Blues
43732,Anime
71896,Electronic
59488,Blues
23641,Alternative
29557,Electronic
73387,Alternative
43983,Country
37494,Classical
32415,Electronic
76374,Alternative
30635,Hip-Hop
84984,Alternative
67927,Rock
65771,Country
57781,Alternative
55735,Classical
37485,Anime
33891,Jazz
42131,Anime
63313,Classical
41638,Alternative
24494,Classical
22110,Rock
83048,Rap
57804,Alternative
25430,Hip-Hop
72183,Blues
85161,Rock
88713,Country
70599,Jazz
54413,Country
88277,Alternative
58344,Country
57368,Rap
55674,Anime
22501,Country
66647,Anime
79380,Blues
86361,Anime
59091,Anime
54445,Anime
47781,Classical
36456,Jazz
58560,Country
63962,Jazz
55241,Alternative
55908,Country
51492,Rap
71051,Hip-Hop
84781,Jazz
61565,Blues
27079,Anime
75937,Classical
91061,Jazz
85725,Rap
27902,Hip-Hop
62328,Country
28290,Electronic
64195,Electronic
58096,Electronic
50036,Rock
88173,Rap
30100,Hip-Hop
25660,Hip-Hop
30728,Anime
85219,Electronic
47996,Classical
76138,Jazz
80692,Alternative
46064,Blues
37360,Hip-Hop
72084,Classical
23063,Blues
26362,Jazz
72238,Rock
30498,Anime
89345,Anime
64559,Rap
82289,Country
33021,Hip-Hop
48331,Alternative
22569,Country
38918,Rap
91586,Rap
45022,Classical
45170,Rap
35094,Electronic
60622,Blues
45122,Blues
27477,Rap
40609,Blues
34573,Blues
21542,Alternative
39497,Country
44238,Country
26788,Alternative
82086,Country
21596,Rock
82014,Classical
66562,Blues
44534,Electronic
85331,Classical
54162,Rock
39258,Anime
72349,Jazz
84880,Blues
82675,Classical
53177,Classical
84961,Country
29191,Rap
70669,Rap
68175,Anime
83196,Alternative
25611,Blues
67598,Alternative
88181,Alternative
66032,Anime
59802,Hip-Hop
49425,Electronic
37614,Alternative
45731,Anime
55390,Hip-Hop
21310,Rock
53598,Jazz
52415,Country
65924,Country
66293,Country
64910,Country
23263,Classical
85687,Country
42151,Country
81969,Anime
25287,Electronic
72242,Rap
41700,Hip-Hop
78730,Rap
91221,Blues
88869,Rap
73183,Jazz
36676,Jazz
31302,Country
39835,Rock
35639,Country
77495,Country
79779,Blues
89140,Alternative
60406,Country
21464,Classical
48138,Country
48435,Hip-Hop
32710,Jazz
29714,Jazz
66651,Rap
49014,Hip-Hop
70591,Anime
73819,Electronic
90526,Country
51256,Blues
28734,Classical
24727,Classical
55037,Anime
57988,Country
25422,Electronic
65742,Electronic
64978,Alternative
43250,Electronic
41887,Blues
29494,Hip-Hop
78887,Blues
57611,Blues
20886,Jazz
38232,Classical
33088,Blues
30459,Alternative
41509,Anime
43494,Rap
45177,Anime
48013,Anime
79669,Electronic
25755,Electronic
21472,Hip-Hop
28890,Country
74447,Electronic
25323,Anime
89616,Country
37299,Alternative
53494,Jazz
32827,Jazz
69683,Anime
23872,Classical
63974,Jazz
37695,Classical
85700,Classical
50392,Country
74375,Hip-Hop
63939,Rock
76767,Alternative
45290,Hip-Hop
82757,Hip-Hop
65739,Alternative
51604,Rap
87088,Rock
47913,Anime
57467,Blues
66622,Alternative
39713,Blues
37813,Electronic
53952,Rap
79253,Anime
49583,Rap
52282,Hip-Hop
36158,Blues
68681,Rap
26332,Anime
20830,Country
64079,Rock
54124,Rock
53888,Jazz
87157,Electronic
81472,Anime
20843,Hip-Hop
27253,Electronic
25553,Rock
80849,Alternative
86283,Electronic
86278,Rock
48804,Electronic
56436,Jazz
43471,Country
65177,Blues
38938,Rock
78310,Rap
49104,Jazz
69999,Anime
74065,Jazz
49880,Anime
87162,Electronic
25961,Classical
49218,Rap
59664,Hip-Hop
30416,Anime
41979,Anime
41751,Country
53820,Hip-Hop
59182,Country
30953,Alternative
79506,Rap
79511,Rap
74900,Anime
69817,Electronic
81691,Anime
55421,Blues
70401,Blues
76315,Country
52807,Electronic
42690,Rap
33657,Rap
82047,Rap
21497,Jazz
21331,Hip-Hop
86624,Blues
27929,Blues
46890,Anime
68000,Classical
77177,Alternative
53301,Hip-Hop
67215,Rap
24448,Rap
46284,Rap
61653,Blues
85626,Blues
49890,Blues
47558,Anime
23188,Rap
74188,Hip-Hop
58314,Anime
67904,Country
32300,Jazz
43353,Rap
84798,Alternative
32948,Classical
39487,Anime
45697,Anime
77230,Classical
70699,Country
76142,Hip-Hop
85868,Jazz
66184,Blues
41189,Rap
88634,Electronic
63137,Country
46020,Alternative
23366,Blues
52590,Classical
78053,Rock
58885,Jazz
26501,Electronic
45476,Rap
21228,Alternative
43110,Blues
58168,Hip-Hop
87247,Rock
81042,Electronic
91451,Hip-Hop
90769,Hip-Hop
67092,Anime
22707,Anime
60027,Rap
59372,Hip-Hop
79614,Alternative
42232,Anime
78566,Alternative
74323,Rap
35250,Country
26487,Rap
77439,Classical
57556,Alternative
74918,Jazz
64763,Country
20207,Country
67874,Alternative
32150,Electronic
74865,Rock
87609,Jazz
75522,Blues
32168,Country
29840,Alternative
86888,Electronic
91604,Classical
56690,Blues
45586,Electronic
67339,Anime
72145,Blues
62311,Blues
67041,Anime
51227,Jazz
68065,Jazz
87058,Jazz
33411,Rap
33551,Rap
77419,Hip-Hop
79402,Electronic
74033,Electronic
89481,Country
31686,Anime
23381,Electronic
28307,Rock
83362,Country
26896,Classical
76758,Rock
21770,Blues
86294,Rap
79063,Rap
37272,Country
47235,Classical
23517,Country
51149,Alternative
41458,Rap
30552,Anime
91116,Hip-Hop
38405,Rap
33893,Anime
72566,Blues
25542,Country
41098,Electronic
44394,Rap
70197,Country
56304,Rock
86506,Country
38665,Rap
35445,Country
37843,Hip-Hop
36739,Blues
37085,Classical
32762,Country
46570,Anime
24334,Blues
27609,Country
24748,Blues
44270,Electronic
71516,Electronic
61853,Jazz
37976,Blues
64340,Classical
83980,Alternative
21351,Jazz
74994,Blues
45754,Rap
25793,Hip-Hop
36911,Country
36950,Classical
62781,Rap
85873,Alternative
50557,Hip-Hop
66597,Rap
75632,Alternative
48653,Rap
23020,Classical
25153,Electronic
67335,Classical
53216,Classical
29536,Blues
85300,Country
43981,Jazz
20762,Country
48238,Jazz
88889,Hip-Hop
36639,Rap
81059,Rock
21208,Anime
70362,Country
45062,Jazz
62347,Jazz
28424,Classical
60307,Alternative
44660,Anime
84173,Blues
58214,Electronic
32853,Anime
65063,Blues
39861,Country
41054,Rap
28826,Electronic
20700,Rock
30870,Alternative
82378,Rap
39245,Hip-Hop
63985,Rock
39490,Electronic
34909,Blues
67678,Alternative
72731,Electronic
50954,Classical
78108,Rap
27297,Country
56808,Country
33865,Electronic
28331,Rap
88948,Electronic
29152,Country
45256,Jazz
65950,Alternative
86650,Rock
59817,Rap
53167,Alternative
70702,Alternative
42880,Rock
72998,Country
83458,Blues
60926,Electronic
21534,Rap
65268,Anime
31123,Country
70809,Blues
79491,Rap
20050,Hip-Hop
58250,Jazz
50044,Country
44445,Anime
46105,Jazz
61118,Anime
25902,Rap
91559,Jazz
90719,Rap
89429,Alternative
59615,Country
50006,Blues
47651,Country
32453,Jazz
54844,Country
36734,Electronic
83307,Country
64429,Country
60702,Classical
39647,Jazz
64904,Blues
28648,Country
75806,Hip-Hop
26278,Anime
57549,Blues
65748,Blues
73287,Anime
30513,Classical
56319,Anime
48586,Alternative
35897,Rock
69808,Anime
75701,Electronic
64931,Electronic
28749,Country
68085,Electronic
89365,Jazz
47092,Country
72589,Jazz
90877,Anime
62628,Electronic
33549,Rock
50672,Classical
80383,Jazz
91327,Electronic
39451,Blues
76360,Anime
59693,Jazz
65790,Classical
88908,Classical
55460,Anime
39533,Anime
56296,Blues
32597,Country
54946,Country
60349,Rock
50325,Rap
26165,Jazz
75418,Country
91254,Country
66757,Classical
83366,Alternative
36271,Hip-Hop
80009,Alternative
70441,Jazz
85226,Rap
37838,Anime
74749,Blues
46286,Country
26352,Jazz
22369,Anime
46769,Electronic
73482,Hip-Hop
24409,Hip-Hop
87623,Jazz
31054,Jazz
89801,Anime
41337,Alternative
66708,Electronic
60854,Blues
71518,Country
30231,Hip-Hop
89498,Alternative
30153,Blues
20504,Anime
44258,Classical
36508,Country
29016,Electronic
80038,Electronic
63643,Country
52593,Classical
83218,Anime
71618,Hip-Hop
69449,Classical
28736,Rap
27425,Anime
36324,Anime
74771,Hip-Hop
87897,Alternative
73861,Anime
25424,Electronic
54242,Country
33620,Classical
48443,Anime
88529,Rock
38694,Country
77116,Rap
85371,Alternative
57871,Jazz
71531,Electronic
54707,Country
32146,Jazz
49699,Jazz
28707,Hip-Hop
90326,Country
32424,Anime
53209,Anime
61022,Anime
71281,Classical
87600,Rap
43100,Electronic
21584,Electronic
58841,Rap
61322,Rap
66682,Rap
22639,Country
50109,Country
79872,Hip-Hop
58299,Country
39094,Electronic
34466,Country
38869,Country
36908,Rock
91518,Hip-Hop
62115,Jazz
29384,Rap
59611,Rock
61491,Jazz
23147,Alternative
30948,Rap
43511,Hip-Hop
21175,Electronic
35495,Country
48154,Anime
69597,Classical
21375,Alternative
47135,Rap
42333,Alternative
50563,Electronic
39727,Blues
34989,Country
65760,Jazz
63024,Jazz
48836,Rock
49258,Anime
68066,Country
41451,Electronic
71745,Blues
71414,Country
31688,Hip-Hop
36874,Electronic
91646,Country
89729,Electronic
71492,Electronic
77126,Country
38280,Anime
35873,Anime
79127,Electronic
90018,Hip-Hop
59819,Rap
46900,Country
89869,Rock
61860,Alternative
77794,Jazz
69743,Classical
68991,Rock
55896,Rap
85715,Blues
69012,Blues
48404,Rap
50194,Hip-Hop
55689,Jazz
75017,Electronic
66949,Country
69596,Alternative
44215,Hip-Hop
87064,Alternative
32990,Electronic
61896,Country
32534,Anime
21287,Electronic
57785,Country
69474,Blues
32686,Jazz
21392,Hip-Hop
87431,Hip-Hop
56876,Alternative
80862,Anime
35660,Anime
46173,Electronic
25275,Jazz
41818,Jazz
82240,Jazz
29770,Hip-Hop
30593,Alternative
62184,Rock
61474,Electronic
57731,Classical
44511,Rock
84714,Classical
74322,Rap
87299,Classical
47272,Blues
80961,Jazz
41095,Country
83138,Hip-Hop
80195,Rock
32520,Electronic
36565,Classical
81069,Classical
38263,Jazz
60573,Classical
73251,Electronic
73223,Blues
49690,Rap
58347,Classical
64887,Alternative
64824,Blues
28635,Jazz
32129,Blues
70529,Hip-Hop
33939,Country
22659,Rap
51398,Jazz
52703,Classical
40584,Blues
23830,Rap
73019,Jazz
41083,Alternative
31767,Blues
55905,Anime
88574,Rock
66514,Blues
41032,Electronic
82239,Country
56038,Country
29218,Jazz
91686,Blues
25177,Jazz
48155,Blues
88804,Rap
73211,Anime
40805,Anime
86809,Rock
21214,Blues
65618,Country
62265,Alternative
39214,Blues
51039,Blues
41292,Country
60998,Anime
22713,Blues
45200,Blues
52666,Electronic
42623,Jazz
42649,Classical
51723,Alternative
39946,Country
58554,Rap
20385,Jazz
89106,Blues
82693,Country
62243,Electronic
65683,Hip-Hop
84762,Electronic
46640,Classical
43866,Electronic
82536,Classical
39699,Anime
82923,Blues
26668,Alternative
29203,Alternative
68854,Country
30818,Hip-Hop
60003,Electronic
88193,Rock
58980,Jazz
52044,Country
90483,Alternative
24201,Hip-Hop
75702,Rap
88844,Anime
32560,Anime
27241,Hip-Hop
28480,Electronic
70631,Blues
80471,Jazz
35781,Classical
28251,Rock
62855,Electronic
50596,Classical
83949,Rock
25747,Country
54341,Country
57899,Electronic
83119,Anime
88078,Electronic
65929,Blues
29425,Rap
32691,Rap
58804,Jazz
68885,Blues
36173,Rap
34995,Rock
55179,Country
22818,Alternative
40554,Country
79281,Alternative
58255,Hip-Hop
75178,Anime
70626,Rap
22408,Anime
73849,Blues
40768,Country
38122,Country
52829,Blues
53234,Alternative
24685,Alternative
32082,Country
44313,Electronic
73314,Classical
51280,Electronic
80357,Anime
58645,Hip-Hop
80522,Anime
84573,Hip-Hop
58853,Anime
56049,Jazz
34458,Jazz
28618,Country
34633,Alternative
37348,Rock
83489,Electronic
86886,Hip-Hop
25557,Country
31045,Classical
63983,Rock
76288,Electronic
62531,Classical
49461,Hip-Hop
39890,Rap
68960,Rap
75277,Jazz
89518,Country
60733,Electronic
50910,Anime
49831,Blues
70909,Alternative
56485,Blues
78985,Rap
52442,Rap
27760,Classical
74318,Electronic
49962,Jazz
51226,Hip-Hop
65290,Anime
77437,Country
61240,Alternative
55194,Electronic
33890,Hip-Hop
42581,Alternative
74264,Rap
72032,Electronic
59407,Alternative
67658,Rock
33446,Blues
45225,Country
89135,Jazz
42364,Country
81128,Country
30120,Rap
21045,Classical
31284,Blues
84446,Anime
56921,Rock
91621,Hip-Hop
49328,Electronic
36706,Blues
53581,Alternative
80310,Electronic
89906,Classical
29103,Hip-Hop
28949,Blues
67714,Classical
42644,Country
63433,Jazz
29922,Rap
39228,Hip-Hop
71972,Anime
32972,Electronic
23022,Country
55576,Blues
85423,Jazz
32013,Anime
35045,Anime
78620,Hip-Hop
60033,Anime
75144,Anime
27688,Classical
42540,Blues
21297,Alternative
79951,Classical
68050,Jazz
76572,Blues
27090,Electronic
89688,Alternative
27128,Rock
72202,Jazz
40806,Blues
49697,Rap
70344,Classical
60864,Blues
51768,Rock
45003,Anime
71778,Anime
76817,Country
40828,Rap
44993,Alternative
44122,Blues
74612,Classical
41430,Anime
62162,Country
45578,Blues
57259,Electronic
71987,Classical
25035,Anime
63280,Rock
53988,Anime
58493,Country
41325,Jazz
39872,Alternative
51150,Jazz
41960,Rock
37572,Classical
59880,Jazz
42955,Alternative
63226,Classical
43752,Anime
84912,Electronic
34584,Blues
34280,Rap
20650,Rap
41476,Anime
67393,Anime
35415,Alternative
51305,Anime
82306,Rap
26513,Blues
58716,Rock
66276,Hip-Hop
60245,Electronic
59328,Anime
22863,Hip-Hop
57943,Alternative
29311,Anime
59043,Hip-Hop
61733,Electronic
78165,Rap
88027,Electronic
40034,Country
83158,Country
45652,Anime
69537,Jazz
21524,Jazz
43765,Rap
74041,Alternative
31514,Rap
88188,Classical
75416,Anime
62003,Jazz
62409,Alternative
20730,Anime
63126,Alternative
24266,Alternative
80172,Rap
32548,Classical
35785,Rap
56518,Alternative
61035,Blues
25859,Rock
75624,Anime
37188,Rap
22453,Country
49074,Electronic
67113,Rock
40330,Jazz
41839,Anime
27832,Rap
25689,Hip-Hop
60400,Jazz
28902,Rap
74814,Blues
49120,Jazz
90502,Electronic
67997,Country
81866,Country
81427,Classical
78819,Jazz
20477,Country
81447,Rock
68166,Hip-Hop
42270,Hip-Hop
90570,Jazz
90542,Classical
59764,Anime
63416,Jazz
32844,Alternative
66410,Rap
38754,Rock
57397,Blues
24895,Jazz
85111,Classical
76544,Hip-Hop
59796,Rap
57906,Hip-Hop
52234,Anime
41978,Jazz
33984,Anime
35863,Alternative
49940,Rap
58146,Rap
86592,Country
87010,Anime
50082,Jazz
31016,Anime
51211,Country
43404,Hip-Hop
53777,Hip-Hop
27075,Classical
36087,Alternative
46731,Anime
80170,Alternative
34274,Hip-Hop
21972,Anime
34193,Rap
89697,Rock
33516,Jazz
71984,Electronic
31581,Jazz
86868,Blues
78440,Blues
72967,Blues
45706,Anime
25867,Classical
57329,Electronic
61077,Electronic
68687,Jazz
48012,Rock
78268,Rock
32325,Jazz
66649,Electronic
36580,Blues
33094,Electronic
42759,Anime
56920,Classical
24377,Anime
54721,Electronic
32932,Jazz
33976,Anime
67296,Jazz
48292,Hip-Hop
65194,Anime
43685,Country
71453,Jazz
24357,Jazz
76509,Blues
73146,Blues
34654,Classical
88756,Anime
55131,Rap
22331,Country
55189,Alternative
41996,Electronic
56430,Rock
26294,Hip-Hop
52392,Rock
59456,Anime
38680,Electronic
63857,Blues
40004,Jazz
29852,Alternative
31781,Alternative
47716,Rap
74334,Alternative
57109,Rock
21404,Country
80346,Blues
48346,Jazz
81597,Rock
23446,Electronic
53351,Hip-Hop
63730,Rap
68865,Alternative
86740,Alternative
86360,Rock
44153,Blues
28967,Anime
67912,Alternative
65044,Jazz
39209,Rock
27150,Jazz
68180,Hip-Hop
84741,Anime
36164,Classical
30710,Rock
50010,Jazz
90435,Country
62928,Jazz
89102,Jazz
51335,Electronic
22396,Country
89024,Electronic
51516,Blues
60897,Blues
56407,Jazz
65190,Jazz
53706,Anime
63938,Country
58256,Electronic
22997,Country
86901,Jazz
43823,Rap
32832,Country
91240,Alternative
77543,Anime
79967,Country
66664,Anime
76001,Country
48363,Anime
68234,Jazz
50219,Hip-Hop
27335,Jazz
79807,Rap
65214,Jazz
90138,Electronic
35523,Rap
53878,Rock
85386,Anime
69341,Blues
47052,Electronic
41980,Classical
86530,Rock
48403,Country
86158,Anime
32292,Rap
20251,Hip-Hop
82888,Classical
73344,Jazz
34938,Rap
90679,Country
84167,Country
33482,Blues
47724,Anime
41760,Country
91293,Country
87280,Anime
27568,Classical
66322,Rock
29710,Anime
76210,Blues
83465,Classical
70969,Country
23052,Anime
83542,Blues
54250,Electronic
65362,Jazz
68230,Jazz
65571,Jazz
57178,Anime
65921,Anime
72369,Electronic
66530,Classical
42735,Rock
52922,Country
84756,Country
55667,Rock
54671,Classical
23163,Electronic
89116,Rap
25226,Jazz
25514,Electronic
39816,Jazz
79494,Rap
88157,Alternative
27590,Rock
39769,Rock
76919,Electronic
80223,Electronic
83986,Electronic
20077,Hip-Hop
36656,Country
66168,Blues
43300,Blues
82211,Country
75999,Alternative
78508,Rap
71489,Anime
71218,Rock
28212,Anime
48445,Hip-Hop
83983,Country
29630,Hip-Hop
72235,Blues
77711,Jazz
40137,Rock
53588,Alternative
80486,Anime
89512,Electronic
32014,Hip-Hop
49756,Anime
82181,Alternative
51508,Alternative
44925,Electronic
55248,Jazz
52077,Country
67270,Jazz
20211,Rock
42280,Electronic
91078,Anime
68915,Hip-Hop
91576,Blues
79384,Anime
59394,Country
32652,Alternative
66332,Blues
28738,Hip-Hop
46811,Rap
81918,Country
39728,Blues
53188,Country
45647,Classical
77005,Rap
50235,Blues
84467,Country
34689,Rock
33413,Blues
37777,Blues
38112,Blues
39971,Country
44529,Anime
90067,Country
22701,Blues
64071,Anime
52358,Jazz
22444,Classical
78680,Hip-Hop
21658,Rap
31806,Jazz
80517,Classical
89428,Rap
46423,Hip-Hop
74810,Hip-Hop
57380,Rap
44988,Jazz
72132,Blues
73412,Electronic
23543,Country
83926,Rap
50443,Classical
63618,Classical
29575,Electronic
35290,Jazz
81244,Classical
66996,Anime
66164,Country
43048,Jazz
37723,Hip-Hop
34795,Hip-Hop
66836,Electronic
45997,Hip-Hop
62738,Electronic
85064,Classical
88628,Jazz
67563,Electronic
80617,Anime
22112,Hip-Hop
40531,Jazz
29523,Country
39339,Rap
28721,Hip-Hop
27856,Hip-Hop
87132,Electronic
68671,Alternative
34218,Blues
25570,Anime
91208,Country
91273,Jazz
37172,Electronic
51917,Electronic
52930,Hip-Hop
40928,Hip-Hop
24622,Alternative
40701,Blues
36222,Jazz
40045,Jazz
78140,Anime
72446,Anime
28636,Rap
37015,Anime
36651,Anime
63124,Anime
48152,Alternative
34429,Electronic
28681,Hip-Hop
29474,Country
89944,Alternative
86129,Rap
46599,Rap
62155,Country
87335,Jazz
61171,Blues
32943,Jazz
38757,Hip-Hop
44364,Alternative
27855,Country
60574,Rap
38936,Blues
68763,Rap
45378,Country
81188,Country
89054,Rap
53559,Hip-Hop
73731,Classical
89558,Anime
48274,Jazz
25225,Hip-Hop
22518,Country
84916,Jazz
29594,Hip-Hop
23239,Blues
53554,Hip-Hop
66534,Rock
37969,Electronic
73774,Rap
22220,Electronic
40142,Rap
56683,Electronic
48348,Alternative
63768,Blues
47008,Electronic
34512,Country
64560,Anime
67250,Anime
74484,Electronic
32238,Country
50549,Rock
56824,Blues
25193,Rap
71447,Rap
23513,Blues
61791,Electronic
90318,Country
33750,Blues
33576,Hip-Hop
83822,Alternative
67059,Country
54637,Blues
76587,Hip-Hop
43742,Country
81161,Anime
62118,Rap
47039,Blues
36556,Country
66661,Alternative
51908,Country
39416,Rap
35834,Blues
37904,Anime
68547,Country
34706,Classical
69564,Electronic
86895,Electronic
22541,Hip-Hop
48432,Country
33590,Electronic
74609,Rock
45206,Alternative
39398,Country
35441,Country
42883,Alternative
56521,Rock
20031,Hip-Hop
27922,Rock
31429,Rock
67675,Anime
34225,Anime
22397,Rap
48271,Anime
63410,Blues
89985,Country
81154,Jazz
25091,Anime
62897,Country
74112,Hip-Hop
45179,Rap
62591,Electronic
48609,Classical
26210,Jazz
86058,Jazz
80191,Electronic
71912,Hip-Hop
24051,Anime
54012,Hip-Hop
79149,Alternative
40793,Country
36791,Rap
55200,Jazz
86061,Jazz
27947,Country
53861,Alternative
21601,Jazz
41414,Electronic
30335,Electronic
27790,Alternative
90932,Alternative
30792,Electronic
86292,Anime
43883,Country
89133,Classical
70274,Blues
82154,Hip-Hop
46577,Hip-Hop
49834,Rap
72241,Rap
81227,Rock
28530,Alternative
44561,Anime
51941,Electronic
59445,Anime
31828,Anime
42703,Alternative
63039,Rock
74872,Rock
41405,Hip-Hop
72432,Electronic
61270,Country
64056,Classical
64788,Blues
82668,Electronic
46958,Hip-Hop
83646,Country
68911,Anime
21084,Electronic
70327,Country
30022,Classical
54442,Rock
31599,Blues
61315,Blues
45069,Electronic
56172,Rock
35676,Rap
32138,Rap
70269,Electronic
66648,Blues
45268,Alternative
28057,Electronic
38688,Country
20690,Jazz
58196,Blues
60862,Anime
25864,Classical
54680,Classical
78483,Jazz
84319,Country
34344,Rock
77857,Anime
43662,Blues
38487,Rap
54861,Country
79123,Classical
54891,Hip-Hop
74001,Electronic
52987,Jazz
74435,Country
64730,Hip-Hop
23793,Jazz
77927,Hip-Hop
65704,Rap
51038,Country
34414,Jazz
84149,Electronic
67845,Country
39820,Country
59343,Blues
30163,Rap
43191,Rock
74930,Anime
21591,Rock
79559,Electronic
73392,Anime
20611,Alternative
63898,Hip-Hop
67194,Classical
23828,Country
55875,Rap
58354,Anime
32585,Alternative
87781,Blues
24531,Country
61337,Blues
62039,Jazz
85785,Anime
28896,Rock
32301,Rap
21744,Alternative
64431,Jazz
63290,Country
62761,Alternative
21236,Jazz
80601,Country
48059,Country
68651,Hip-Hop
52893,Classical
63344,Hip-Hop
88348,Rap
50494,Rap
63175,Rap
83342,Jazz
65647,Alternative
62977,Country
35008,Country
88470,Anime
86877,Blues
43117,Jazz
62569,Country
88429,Hip-Hop
37958,Hip-Hop
63799,Rock
50420,Alternative
33097,Jazz
20739,Jazz
28900,Jazz
81423,Country
89331,Blues
63590,Anime
42101,Anime
90798,Jazz
58739,Blues
77699,Electronic
60608,Country
46009,Jazz
54988,Alternative
55499,Hip-Hop
42911,Electronic
80398,Jazz
77068,Anime
62645,Hip-Hop
59983,Hip-Hop
74349,Country
80323,Anime
82970,Electronic
20926,Rap
62437,Anime
79764,Rap
38308,Anime
53963,Classical
50592,Electronic
85311,Country
41969,Hip-Hop
59087,Jazz
44036,Country
54103,Country
39794,Rap
53006,Blues
65399,Rock
84837,Alternative
46137,Electronic
64516,Electronic
87015,Electronic
41840,Hip-Hop
38276,Classical
73210,Classical
83610,Country
33568,Jazz
25865,Classical
77804,Jazz
58644,Anime
47760,Rock
76515,Electronic
20598,Rock
67080,Rock
21044,Blues
41878,Anime
70339,Anime
81317,Blues
40320,Anime
28372,Classical
37076,Electronic
79513,Blues
25929,Alternative
83183,Country
25072,Hip-Hop
51366,Electronic
48004,Rap
50733,Rap
74818,Hip-Hop
23036,Anime
77046,Jazz
67631,Jazz
69578,Anime
82260,Rock
54231,Classical
37268,Country
37748,Hip-Hop
40863,Country
80830,Blues
22789,Electronic
71769,Classical
22402,Anime
67516,Anime
68538,Anime
71181,Country
55865,Hip-Hop
88546,Anime
51583,Country
55071,Anime
86643,Blues
68228,Country
46539,Classical
51082,Rock
50715,Jazz
33062,Hip-Hop
83674,Jazz
32069,Country
53516,Electronic
20808,Rock
57473,Country
37012,Hip-Hop
33598,Alternative
46290,Electronic
55462,Classical
53692,Country
54765,Country
55671,Country
70542,Hip-Hop
50500,Country
70957,Electronic
78301,Electronic
36970,Classical
54675,Rock
78460,Alternative
50673,Electronic
20515,Blues
32880,Alternative
37120,Blues
55315,Blues
51810,Blues
25543,Electronic
70256,Blues
90091,Rap
90553,Alternative
62664,Alternative
74616,Hip-Hop
65000,Blues
45710,Alternative
31774,Electronic
36172,Country
40134,Electronic
69469,Jazz
43542,Rock
54455,Anime
50085,Anime
85837,Alternative
91213,Blues
41557,Blues
30880,Hip-Hop
22850,Rap
85833,Electronic
68489,Electronic
49497,Rock
49272,Classical
73878,Electronic
64304,Electronic
79435,Anime
64740,Jazz
22224,Electronic
85341,Rap
50156,Jazz
35411,Electronic
88433,Rock
76598,Classical
84534,Blues
84433,Country
32719,Rap
28963,Rap
25571,Rock
40547,Electronic
71584,Hip-Hop
71867,Electronic
61358,Country
73165,Classical
31652,Electronic
66206,Jazz
41496,Anime
47280,Country
51806,Country
56318,Blues
33537,Alternative
74123,Rock
69136,Rap
75526,Blues
44972,Blues
64735,Classical
66355,Alternative
32862,Hip-Hop
49171,Classical
85903,Alternative
45016,Classical
25344,Rap
66840,Rap
88988,Alternative
51531,Rap
41685,Country
74377,Electronic
71074,Rap
46651,Classical
65111,Alternative
53347,Alternative
55695,Rap
56393,Hip-Hop
84644,Hip-Hop
60081,Blues
58080,Rap
28002,Hip-Hop
54665,Jazz
76820,Anime
78963,Rap
32479,Blues
76223,Blues
76818,Electronic
72203,Electronic
88737,Rock
47513,Country
66907,Rap
54000,Electronic
46311,Rap
39730,Hip-Hop
66981,Rock
25531,Electronic
89181,Electronic
59205,Jazz
88477,Anime
86758,Anime
72690,Electronic
46163,Alternative
27047,Rap
88103,Rock
69372,Electronic
46593,Rap
80036,Hip-Hop
81542,Blues
76305,Electronic
42552,Country
74213,Hip-Hop
64197,Country
55235,Blues
63198,Alternative
45971,Alternative
24519,Electronic
32045,Rock
46841,Country
87406,Anime
20938,Alternative
77493,Country
34505,Blues
50255,Blues
68535,Blues
20931,Jazz
20587,Hip-Hop
45843,Country
37484,Country
63707,Anime
79284,Country
75893,Country
36723,Country
84934,Anime
89370,Rap
26734,Anime
60803,Alternative
83778,Rock
60936,Country
81234,Jazz
74647,Country
87416,Anime
89277,Blues
81045,Hip-Hop
59083,Rock
50977,Electronic
65227,Alternative
37274,Electronic
29942,Electronic
28616,Anime
75097,Jazz
46138,Classical
87716,Blues
63886,Anime
75769,Blues
51747,Rap
75445,Alternative
86036,Jazz
50661,Rock
23504,Classical
70673,Anime
88261,Country
30080,Jazz
39922,Rap
86246,Blues
33481,Rap
20619,Electronic
56867,Blues
81167,Classical
81583,Jazz
48197,Blues
51020,Hip-Hop
80697,Blues
39187,Jazz
85917,Blues
64378,Country
71151,Alternative
51706,Rap
63264,Country
38148,Rock
37067,Alternative
87309,Electronic
39925,Electronic
49476,Jazz
90918,Country
69478,Alternative
77715,Country
76516,Rock
32208,Hip-Hop
77582,Anime
62375,Electronic
91527,Blues
21609,Jazz
48099,Electronic
65251,Rap
27999,Classical
38394,Anime
48916,Jazz
34450,Hip-Hop
61107,Alternative
20784,Jazz
34732,Blues
70106,Blues
64279,Hip-Hop
36621,Rap
82985,Blues
60526,Rock
90706,Blues
86153,Classical
72869,Blues
54090,Rap
75324,Country
25574,Rock
36304,Electronic
31673,Anime
46208,Jazz
91104,Jazz
36130,Rap
41959,Rap
39773,Jazz
38981,Electronic
88463,Hip-Hop
85431,Jazz
49452,Anime
82538,Classical
81449,Rock
82270,Electronic
35273,Country
20063,Anime
45162,Hip-Hop
75355,Blues
54077,Hip-Hop
44202,Rock
83093,Anime
60288,Classical
76033,Electronic
30136,Alternative
58732,Electronic
60742,Electronic
77212,Country
50677,Rap
24565,Jazz
88255,Anime
21425,Country
76064,Hip-Hop
53539,Classical
54382,Rock
78603,Hip-Hop
69240,Alternative
64236,Rock
23998,Classical
34980,Jazz
49288,Classical
74433,Blues
42189,Hip-Hop
84897,Blues
86738,Jazz
27641,Rock
41635,Jazz
84233,Classical
84169,Country
80592,Anime
71577,Alternative
37669,Classical
51597,Rap
32985,Rap
34547,Blues
81756,Electronic
61688,Anime
43619,Classical
87511,Classical
48774,Hip-Hop
60910,Country
26243,Alternative
56892,Hip-Hop
75498,Rap
32774,Rock
48988,Hip-Hop
44196,Country
74963,Hip-Hop
68646,Blues
57522,Jazz
88711,Country
59937,Jazz
57202,Blues
90937,Anime
91193,Jazz
71922,Hip-Hop
55650,Jazz
70516,Anime
22765,Jazz
49054,Alternative
31985,Electronic
60466,Alternative
42813,Classical
30417,Electronic
45469,Electronic
41765,Electronic
33504,Hip-Hop
88285,Country
39603,Hip-Hop
70056,Country
39388,Anime
26176,Classical
32389,Blues
31980,Anime
72832,Anime
76955,Classical
62072,Rock
32316,Electronic
86921,Country
59255,Electronic
57649,Jazz
67238,Classical
29119,Country
53816,Country
80019,Anime
36785,Blues
78259,Blues
89764,Anime
48039,Rap
31446,Anime
88175,Electronic
55246,Electronic
52157,Rock
57464,Classical
30733,Classical
59748,Alternative
27309,Country
52251,Jazz
51734,Anime
90172,Country
33315,Jazz
62799,Classical
73737,Electronic
54772,Country
40686,Country
65422,Electronic
60673,Electronic
40477,Electronic
79377,Rap
26102,Anime
48428,Rap
83858,Anime
20046,Anime
49376,Alternative
55039,Jazz
90687,Blues
34408,Classical
63800,Blues
57682,Country
51949,Country
62080,Jazz
53983,Alternative
74652,Hip-Hop
31433,Electronic
42419,Anime
72895,Hip-Hop
53758,Blues
36117,Blues
66746,Electronic
68635,Rap
70758,Blues
22736,Rap
60930,Rock
73517,Electronic
31782,Rock
55312,Classical
39170,Rap
74695,Jazz
36777,Alternative
43780,Anime
75944,Alternative
67459,Rap
73801,Anime
33538,Anime
66232,Rap
45851,Electronic
32236,Country
78371,Country
51069,Jazz
32431,Electronic
48550,Electronic
79484,Alternative
66846,Anime
34590,Country
63427,Anime
33301,Blues
70849,Electronic
40284,Blues
76200,Rap
26230,Blues
21545,Jazz
86632,Hip-Hop
60089,Country
20174,Blues
43442,Hip-Hop
65359,Alternative
58376,Anime
32960,Jazz
83552,Jazz
68774,Alternative
31926,Rap
85850,Electronic
32242,Electronic
74523,Alternative
50188,Rap
52709,Rock
70325,Anime
75031,Blues
76137,Blues
58522,Country
82027,Rap
83903,Blues
62271,Blues
57450,Country
78994,Jazz
43909,Anime
30097,Electronic
55686,Country
23831,Anime
65220,Rap
85918,Jazz
57303,Electronic
71360,Country
24844,Blues
91345,Alternative
76160,Anime
43584,Jazz
54059,Classical
78523,Blues
39712,Country
23173,Classical
34240,Classical
22291,Country
86869,Rap
75641,Hip-Hop
23346,Anime
77047,Rock
57616,Rock
74993,Country
41587,Electronic
21008,Anime
48453,Rap
22358,Country
83666,Electronic
23101,Classical
88750,Alternative
55614,Blues
45080,Rock
43768,Hip-Hop
50581,Blues
45356,Jazz
35917,Hip-Hop
59672,Classical
20418,Blues
38661,Country
62100,Rap
62802,Country
20320,Rock
25220,Blues
49250,Hip-Hop
87448,Blues
27349,Jazz
48259,Electronic
44321,Blues
37518,Blues
45982,Rap
40393,Anime
83287,Alternative
91677,Anime
35635,Hip-Hop
38614,Rap
64397,Classical
46126,Country
60059,Rock
84023,Hip-Hop
27840,Electronic
52114,Rap
58718,Rock
88037,Anime
71768,Blues
33135,Country
24939,Hip-Hop
87662,Rap
24842,Country
32902,Rap
84225,Electronic
27723,Anime
51252,Rap
49854,Hip-Hop
51528,Blues
23156,Jazz
31779,Country
66429,Classical
67890,Anime
63632,Blues
23518,Alternative
71748,Rock
81954,Hip-Hop
57761,Classical
60403,Blues
49932,Classical
34976,Jazz
41383,Anime
72167,Blues
29473,Jazz
30694,Hip-Hop
65999,Alternative
22872,Hip-Hop
49961,Hip-Hop
72610,Country
81239,Anime
47490,Classical
37139,Anime
52579,Anime
26965,Rock
65337,Blues
37847,Electronic
67593,Electronic
76528,Rock
88166,Hip-Hop
23651,Rock
49245,Classical
67252,Blues
61669,Jazz
77976,Electronic
23255,Electronic
49922,Country
53534,Rock
64527,Anime
53960,Anime
30658,Electronic
57302,Jazz
25661,Electronic
89976,Country
51240,Alternative
81310,Rap
29943,Alternative
73657,Blues
31544,Blues
84972,Blues
53461,Electronic
64767,Classical
46904,Anime
52280,Jazz
68240,Anime
22266,Classical
25765,Jazz
77686,Classical
91569,Alternative
66704,Anime
65270,Electronic
76604,Jazz
47577,Electronic
87311,Alternative
27070,Blues
48793,Anime
87853,Electronic
58324,Classical
85010,Anime
38771,Country
23706,Alternative
69287,Jazz
79139,Blues
81566,Country
84744,Hip-Hop
84870,Blues
56903,Rap
31722,Classical
45600,Hip-Hop
54606,Electronic
40209,Blues
73823,Blues
74571,Jazz
33019,Country
29348,Rap
35043,Country
30086,Classical
73229,Country
49559,Country
81469,Rap
26435,Jazz
74150,Alternative
47076,Anime
59955,Hip-Hop
53156,Blues
88313,Alternative
58814,Classical
52731,Country
41863,Alternative
73776,Blues
56583,Jazz
29653,Country
27580,Hip-Hop
51010,Country
72491,Rap
87495,Country
44304,Electronic
67276,Blues
46781,Anime
64054,Classical
84459,Rap
53061,Jazz
23484,Rap
36122,Rap
46287,Jazz
33247,Blues
90592,Classical
67542,Alternative
24432,Blues
73104,Classical
56045,Jazz
57420,Electronic
80926,Alternative
82554,Jazz
79028,Classical
84840,Rap
51323,Blues
49998,Electronic
78118,Country
69848,Rap
88690,Country
32843,Hip-Hop
74018,Classical
57555,Blues
23673,Rap
37520,Country
22236,Hip-Hop
63217,Hip-Hop
30664,Rap
87108,Electronic
79353,Alternative
42888,Classical
45192,Hip-Hop
25754,Blues
87241,Classical
29524,Blues
82547,Electronic
90315,Hip-Hop
67111,Hip-Hop
74792,Jazz
44433,Country
39312,Electronic
86752,Blues
23485,Electronic
69502,Electronic
28761,Jazz
58163,Country
32043,Blues
33721,Rap
31770,Rap
29685,Country
90247,Anime
40372,Alternative
53275,Electronic
85078,Alternative
37269,Anime
74532,Blues
26366,Electronic
22158,Alternative
21794,Alternative
55632,Jazz
60659,Blues
76749,Anime
34370,Electronic
65429,Rap
49098,Jazz
81155,Rap
50933,Country
70700,Anime
55113,Anime
43635,Jazz
68322,Electronic
24234,Electronic
37507,Rap
27547,Rap
48217,Hip-Hop
54252,Blues
56408,Alternative
35782,Anime
88239,Electronic
83304,Classical
46394,Alternative
54454,Country
20676,Anime
37089,Rap
89219,Country
57933,Hip-Hop
22135,Anime
34902,Country
60016,Rock
74766,Blues
47348,Rap
56803,Country
61738,Hip-Hop
21003,Classical
41180,Country
90984,Alternative
27170,Country
43374,Hip-Hop
62777,Electronic
64216,Blues
24114,Alternative
34156,Rap
40347,Anime
49913,Country
46434,Rap
53066,Country
56423,Hip-Hop
53653,Rap
24883,Country
89554,Blues
65967,Jazz
66614,Jazz
78132,Blues
46437,Anime
61482,Classical
53142,Electronic
82463,Jazz
39386,Country
40169,Electronic
38074,Country
45281,Electronic
54873,Country
53531,Country
40110,Classical
40174,Blues
38116,Country
23972,Blues
67050,Electronic
73544,Jazz
71460,Country
58035,Classical
53568,Hip-Hop
27319,Classical
41508,Electronic
42934,Anime
35487,Anime
48977,Blues
73300,Alternative
66060,Blues
64628,Hip-Hop
78613,Hip-Hop
58843,Jazz
71611,Blues
24597,Jazz
59776,Country
71780,Jazz
70031,Anime
61892,Rap
59982,Hip-Hop
20265,Electronic
48006,Electronic
41194,Blues
60640,Classical
88272,Country
37217,Anime
49694,Rock
28822,Classical
91064,Rock
25911,Blues
21924,Blues
29296,Jazz
40395,Rap
43197,Hip-Hop
67195,Alternative
53104,Electronic
49862,Electronic
22069,Country
65076,Country
38955,Rap
68338,Country
49396,Electronic
51469,Country
52716,Alternative
56268,Rock
24143,Hip-Hop
37807,Jazz
84442,Electronic
28695,Country
58786,Country
71068,Rap
20528,Anime
29157,Anime
65962,Classical
39107,Electronic
39649,Electronic
87913,Rap
83131,Country
77824,Blues
74708,Hip-Hop
21238,Country
60166,Country
27773,Classical
88047,Alternative
77238,Classical
69097,Blues
88817,Rock
44965,Country
85310,Country
41905,Anime
68709,Hip-Hop
56695,Electronic
76391,Electronic
86076,Rap
23283,Rap
86649,Electronic
67707,Rap
83902,Classical
29535,Electronic
59238,Rock
36277,Blues
81219,Hip-Hop
53408,Country
42487,Classical
27762,Classical
55470,Rap
38695,Alternative
86422,Alternative
86520,Alternative
82696,Blues
42947,Blues
72726,Country
58734,Classical
24001,Electronic
76819,Hip-Hop
67349,Electronic
84139,Country
22499,Alternative
39965,Blues
26177,Electronic
78715,Jazz
73135,Electronic
29573,Country
82048,Hip-Hop
77511,Electronic
42421,Jazz
30592,Rock
60193,Country
48554,Country
36913,Jazz
27637,Jazz
91632,Blues
88879,Blues
31538,Alternative
74021,Hip-Hop
24142,Country
40907,Jazz
25333,Rap
26021,Electronic
48815,Rap
24366,Anime
80764,Anime
37492,Rap
63000,Classical
89716,Alternative
23175,Country
20275,Electronic
51253,Alternative
43052,Anime
50395,Electronic
66235,Jazz
81684,Country
89652,Country
25521,Anime
75775,Electronic
56587,Hip-Hop
86281,Electronic
55996,Alternative
87110,Classical
65893,Electronic
56886,Alternative
45556,Blues
34141,Rap
31963,Electronic
68212,Alternative
20624,Electronic
82456,Rock
82891,Alternative
50086,Electronic
88093,Blues
33896,Anime
46256,Classical
67093,Anime
59347,Anime
52840,Rap
76025,Jazz
76499,Rock
66894,Jazz
40794,Electronic
53098,Rock
51897,Electronic
34917,Blues
68600,Anime
73783,Blues
68758,Classical
50725,Jazz
23584,Jazz
28533,Classical
89916,Hip-Hop
83816,Blues
73939,Hip-Hop
86954,Alternative
33098,Rap
36957,Electronic
59203,Hip-Hop
55119,Anime
38233,Rap
31303,Jazz
70354,Jazz
85042,Rap
31242,Hip-Hop
82718,Blues
50598,Rap
42870,Blues
38078,Jazz
48881,Jazz
32024,Electronic
47415,Country
37730,Rap
36921,Electronic
76915,Alternative
57139,Anime
21974,Blues
61602,Hip-Hop
87266,Rap
91578,Rock
70967,Rap
71812,Alternative
56132,Electronic
44781,Blues
81985,Blues
49506,Anime
81606,Rap
51096,Anime
89253,Country
57088,Classical
74511,Anime
23198,Hip-Hop
64506,Anime
58722,Rap
44106,Country
83035,Alternative
68494,Blues
22431,Jazz
69369,Rock
36680,Hip-Hop
37517,Country
32244,Anime
70514,Classical
78324,Anime
47521,Blues
28273,Rock
83948,Anime
68100,Country
50484,Jazz
77619,Rap
40511,Rock
68921,Rap
41945,Rock
55244,Rap
44111,Anime
22994,Rap
53711,Alternative
20473,Alternative
71419,Electronic
30352,Alternative
42803,Rap
24072,Hip-Hop
42329,Blues
34582,Hip-Hop
58965,Jazz
75206,Anime
46946,Country
25919,Alternative
88421,Blues
57431,Rock
27720,Electronic
80647,Hip-Hop
89681,Blues
51916,Rap
87908,Alternative
30859,Electronic
87573,Country
72969,Alternative
24194,Rap
68428,Rap
36501,Jazz
63037,Jazz
34922,Country
54586,Rap
30449,Rock
29544,Hip-Hop
75887,Electronic
56002,Country
48904,Rock
83066,Rap
23612,Alternative
62015,Rap
80705,Rock
81052,Rap
39477,Electronic
74029,Electronic
56978,Classical
71954,Country
69971,Alternative
65581,Electronic
44653,Alternative
64846,Rock
44933,Anime
33769,Blues
26726,Anime
81633,Jazz
69689,Blues
60663,Anime
64109,Country
85721,Anime
65187,Rap
84436,Country
69959,Blues
40740,Classical
65959,Electronic
77108,Classical
79394,Electronic
35141,Alternative
29835,Country
44010,Classical
56635,Classical
90145,Anime
70227,Rock
71232,Anime
58021,Electronic
58913,Electronic
64890,Hip-Hop
36541,Country
69839,Anime
36933,Rap
60324,Anime
29320,Country
40332,Blues
88355,Blues
83085,Anime
56076,Hip-Hop
40595,Country
86139,Anime
26438,Blues
34852,Alternative
80841,Rap
90683,Jazz
60390,Blues
80464,Classical
54325,Classical
22936,Hip-Hop
80767,Hip-Hop
84186,Jazz
32077,Classical
48949,Electronic
80580,Anime
56550,Rock
78512,Country
55937,Hip-Hop
23327,Rap
78356,Country
90942,Anime
81342,Rock
62745,Classical
85455,Anime
72602,Electronic
53100,Anime
64711,Rock
56419,Electronic
84049,Anime
52632,Hip-Hop
33415,Rock
35376,Electronic
75722,Hip-Hop
55642,Rap
22262,Blues
30848,Rap
58098,Country
67153,Hip-Hop
47033,Alternative
42034,Hip-Hop
63179,Rap
52343,Country
46118,Jazz
73395,Alternative
56125,Anime
50015,Electronic
55704,Rock
20241,Anime
25098,Rock
91676,Electronic
49556,Jazz
54874,Jazz
42665,Electronic
59925,Classical
73734,Country
66346,Electronic
31075,Blues
61771,Rap
85763,Country
47109,Country
61495,Rap
33293,Hip-Hop
31801,Alternative
78423,Rap
64427,Electronic
46851,Country
23233,Rap
24466,Electronic
69195,Electronic
66588,Electronic
43488,Anime
50651,Anime
71893,Rock
42846,Anime
86287,Anime
73683,Rap
89536,Rap
36855,Anime
33240,Blues
68314,Country
35705,Classical
91672,Alternative
75902,Electronic
63924,Rock
91136,Electronic
51578,Country
31804,Anime
52573,Electronic
75864,Jazz
22034,Rap
42639,Rap
48583,Rap
35483,Alternative
35632,Classical
52031,Blues
87952,Rap
82808,Alternative
69390,Anime
78999,Jazz
83389,Classical
74104,Country
41249,Jazz
89922,Country
74596,Jazz
35909,Anime
23853,Rap
69032,Rap
41817,Country
48778,Blues
68422,Jazz
50565,Electronic
55605,Rap
29469,Hip-Hop
48125,Alternative
63223,Anime
81700,Anime
35612,Jazz
48312,Electronic
20416,Classical
37533,Anime
25117,Rock
27234,Country
24391,Anime
72707,Rap
22697,Alternative
56983,Anime
24799,Rap
60582,Jazz
74776,Anime
61061,Electronic
52478,Jazz
27545,Blues
57525,Rap
90910,Rap
21486,Classical
79507,Jazz
90593,Blues
49682,Rap
78202,Rock
83279,Blues
25721,Alternative
40700,Electronic
58603,Rock
33961,Country
38346,Hip-Hop
85589,Rock
50792,Blues
29803,Hip-Hop
91412,Classical
68103,Classical
33530,Rock
25469,Blues
62616,Electronic
53290,Country
76727,Jazz
76881,Blues
91049,Jazz
50428,Electronic
80099,Hip-Hop
29115,Rock
55743,Blues
44045,Country
49698,Hip-Hop
66318,Anime
83270,Hip-Hop
34088,Country
39222,Anime
53412,Blues
60512,Country
42399,Blues
32616,Blues
91488,Electronic
50449,Anime
77966,Electronic
88695,Rap
26355,Blues
78599,Jazz
62316,Jazz
28843,Hip-Hop
71375,Blues
46867,Country
79622,Anime
84681,Hip-Hop
22731,Alternative
26289,Blues
52642,Blues
73313,Electronic
72417,Rap
75671,Classical
89501,Country
40058,Alternative
87535,Anime
48166,Blues
32018,Electronic
77798,Alternative
28691,Jazz
47114,Country
83637,Classical
35692,Jazz
38993,Rap
39197,Anime
68879,Blues
34180,Alternative
83437,Country
71410,Rock
32954,Country
85906,Hip-Hop
47579,Classical
55291,Alternative
49779,Electronic
31395,Country
46894,Rock
82268,Rock
66952,Electronic
44443,Blues
24037,Country
77455,Blues
63170,Anime
58698,Hip-Hop
21834,Rap
76191,Alternative
50210,Country
81941,Alternative
67547,Blues
26757,Hip-Hop
39514,Hip-Hop
83008,Anime
50613,Hip-Hop
34924,Alternative
54490,Alternative
65388,Jazz
66830,Alternative
72593,Jazz
35235,Classical
91279,Classical
69692,Rock
76571,Rock
53822,Anime
82133,Rap
77350,Blues
22284,Electronic
87983,Anime
75466,Rap
30767,Hip-Hop
51816,Rock
60344,Country
34697,Country
50532,Country
26255,Rap
67924,Hip-Hop
79778,Anime
47986,Jazz
